{
  "annualised": -0.9932571604661862,
  "sharpe": -14.827114881771212,
  "max_drawdown": -0.09656820109040709,
  "n_days": 6
}