{
  "annualised": -0.8292613002443394,
  "sharpe": -4.3577550795102455,
  "max_drawdown": -0.040419538641594865,
  "n_days": 6
}