{
  "annualised": -0.06812537201815294,
  "sharpe": -0.1185428700806888,
  "max_drawdown": -0.07696638826057434,
  "n_days": 15
}