{
  "annualised": 0.12076543648193172,
  "sharpe": 0.472627126102673,
  "max_drawdown": -0.05433529380132851,
  "n_days": 15
}