{
  "annualised": -0.7821541703845788,
  "sharpe": -6.307878662471987,
  "max_drawdown": -0.06336070577679875,
  "n_days": 11
}