{
  "annualised": 0.49470489512231053,
  "sharpe": 1.18912121120568,
  "max_drawdown": -0.05944072816597268,
  "n_days": 15
}