{
  "annualised": 0.9103614788534067,
  "sharpe": 1.6906069637022252,
  "max_drawdown": -0.06682174282169095,
  "n_days": 15
}