{
  "annualised": -0.9252576222628852,
  "sharpe": -4.885393304737483,
  "max_drawdown": -0.18984250093228738,
  "n_days": 15
}