{
  "annualised": 0.665133926428195,
  "sharpe": 1.3483265051590656,
  "max_drawdown": -0.046207761334534414,
  "n_days": 15
}