{
  "annualised": -0.7795768323709064,
  "sharpe": -3.5385812705705515,
  "max_drawdown": -0.14281768425257702,
  "n_days": 15
}