{
  "annualised": 0.13200935346233766,
  "sharpe": 0.4923792202633483,
  "max_drawdown": -0.07542664978069558,
  "n_days": 15
}