{
  "annualised": -0.8666284956874407,
  "sharpe": -6.728316566842249,
  "max_drawdown": -0.1539643292861621,
  "n_days": 15
}