{
  "annualised": -0.11950443883886885,
  "sharpe": -0.0419052065714682,
  "max_drawdown": -0.09514649885771098,
  "n_days": 15
}