{
  "annualised": -0.92112201405835,
  "sharpe": -8.546021645781975,
  "max_drawdown": -0.1590186168675336,
  "n_days": 15
}