{
  "annualised": -0.9037816592473129,
  "sharpe": -5.728313038573265,
  "max_drawdown": -0.16562340952513344,
  "n_days": 15
}