{
  "annualised": 0.07298504876214307,
  "sharpe": 0.37237216229257086,
  "max_drawdown": -0.0560309156926877,
  "n_days": 15
}