{
  "annualised": -0.390813307576086,
  "sharpe": -0.8488721352758777,
  "max_drawdown": -0.15289399009794524,
  "n_days": 15
}