{
  "annualised": 0.3673802421217296,
  "sharpe": 1.0481668576460876,
  "max_drawdown": -0.0501154561711471,
  "n_days": 15
}