{
  "annualised": -0.9039464453573074,
  "sharpe": -6.743622377999883,
  "max_drawdown": -0.12070125968777479,
  "n_days": 15
}