{
  "annualised": -0.7487064013483364,
  "sharpe": -3.088085536281719,
  "max_drawdown": -0.1441816395740002,
  "n_days": 15
}