{
  "annualised": 0.12028117511630176,
  "sharpe": 0.479788719712808,
  "max_drawdown": -0.07990442283160815,
  "n_days": 15
}