{
  "annualised": -0.9717265590449703,
  "sharpe": -21.127608979937285,
  "max_drawdown": -0.06186798071368216,
  "n_days": 5
}