{
  "annualised": 1.4390734910741236,
  "sharpe": 2.382648032119221,
  "max_drawdown": -0.0462993199313948,
  "n_days": 15
}