{
  "annualised": -0.8142458979418351,
  "sharpe": -5.667447514942447,
  "max_drawdown": -0.1239028435992584,
  "n_days": 15
}