{
  "annualised": -0.9050223549348702,
  "sharpe": -12.473891989227807,
  "max_drawdown": -0.13771006298661315,
  "n_days": 15
}