{
  "annualised": -0.5272794543562556,
  "sharpe": -2.463837293279671,
  "max_drawdown": -0.08943945481603666,
  "n_days": 15
}