{
  "annualised": 1.6188485219074926,
  "sharpe": 2.5046342786915874,
  "max_drawdown": -0.058780455175452384,
  "n_days": 15
}