{
  "annualised": -0.8524889774951518,
  "sharpe": -9.692729724162369,
  "max_drawdown": -0.12762162516384667,
  "n_days": 15
}