{
  "annualised": -0.6577451889710687,
  "sharpe": -3.0553443102194446,
  "max_drawdown": -0.09364247160493588,
  "n_days": 15
}