{
  "annualised": -0.9889662951643307,
  "sharpe": -14.011313452255408,
  "max_drawdown": -0.048748680032253966,
  "n_days": 6
}