{
  "annualised": -0.7594436896513174,
  "sharpe": -4.408287996957339,
  "max_drawdown": -0.1048725294686974,
  "n_days": 15
}