{
  "annualised": -0.010052784307105544,
  "sharpe": 0.0531364371805353,
  "max_drawdown": -0.030645250697289184,
  "n_days": 15
}