{
  "annualised": 1.020100760254798,
  "sharpe": 1.9484565166314625,
  "max_drawdown": -0.0743173312277986,
  "n_days": 15
}