{
  "annualised": -0.166073849860207,
  "sharpe": -0.324431367914591,
  "max_drawdown": -0.06237488024287685,
  "n_days": 15
}