{
  "annualised": -0.4049204793022114,
  "sharpe": -1.2216090243356177,
  "max_drawdown": -0.11466086794031682,
  "n_days": 15
}