{
  "annualised": -0.43936356391055975,
  "sharpe": -1.3669152759773873,
  "max_drawdown": -0.09843858725280197,
  "n_days": 15
}