{
  "annualised": -0.08772169633389815,
  "sharpe": -0.22418117846800997,
  "max_drawdown": -0.06117331733439879,
  "n_days": 15
}