{
  "annualised": -0.7422255385747402,
  "sharpe": -3.210572156163445,
  "max_drawdown": -0.10106186021252483,
  "n_days": 15
}