{
  "annualised": -0.7342016821220432,
  "sharpe": -25.576121648786838,
  "max_drawdown": -0.016808962636503333,
  "n_days": 5
}