{
  "annualised": -0.743550195448446,
  "sharpe": -3.4771704736953497,
  "max_drawdown": -0.08334688833984882,
  "n_days": 11
}