{
  "annualised": -0.6784200811615841,
  "sharpe": -3.551889857899818,
  "max_drawdown": -0.09126414347983236,
  "n_days": 15
}