{
  "annualised": -0.9262725735859856,
  "sharpe": -7.711639301928841,
  "max_drawdown": -0.17545150711514212,
  "n_days": 15
}