{
  "annualised": -0.22881152995436826,
  "sharpe": -0.6557091466227865,
  "max_drawdown": -0.08293179202605883,
  "n_days": 15
}