{
  "annualised": -0.6757777901383522,
  "sharpe": -3.931731552314967,
  "max_drawdown": -0.08425041631414898,
  "n_days": 15
}