{
  "annualised": -0.45948230522126443,
  "sharpe": -1.2973370411621423,
  "max_drawdown": -0.12663682561683476,
  "n_days": 15
}