{
  "annualised": -0.38823133003321064,
  "sharpe": -0.9835534353311266,
  "max_drawdown": -0.11828048200571306,
  "n_days": 15
}