{
  "annualised": -0.6318299849300876,
  "sharpe": -2.4295373952548274,
  "max_drawdown": -0.11105395043635857,
  "n_days": 15
}