{
  "annualised": -0.6844560850526138,
  "sharpe": -2.852775797423254,
  "max_drawdown": -0.11495378468909334,
  "n_days": 15
}