{
  "annualised": 3.6205231465936025,
  "sharpe": 3.420053295312626,
  "max_drawdown": -0.08078142127500532,
  "n_days": 15
}