{
  "annualised": 0.018325366957723688,
  "sharpe": 0.1869125606056452,
  "max_drawdown": -0.03039606779510462,
  "n_days": 15
}