{
  "annualised": -0.3785544281569284,
  "sharpe": -18.272203569696728,
  "max_drawdown": -0.00902924775071745,
  "n_days": 5
}