{
  "annualised": -0.2765771136776912,
  "sharpe": -0.5325663287753836,
  "max_drawdown": -0.06827957395356521,
  "n_days": 15
}