{
  "annualised": -0.46632407631067796,
  "sharpe": -1.5316304605620283,
  "max_drawdown": -0.1009664130698007,
  "n_days": 15
}