{
  "annualised": 0.16806179054134662,
  "sharpe": 0.5513460955343378,
  "max_drawdown": -0.11746888589945625,
  "n_days": 15
}