{
  "annualised": -0.3371013746475915,
  "sharpe": -0.6250985112458827,
  "max_drawdown": -0.11095855034159219,
  "n_days": 15
}