{
  "annualised": -0.4293960834964562,
  "sharpe": -1.7659260085379824,
  "max_drawdown": -0.07599958714077637,
  "n_days": 15
}