{
  "annualised": -0.5459588145734837,
  "sharpe": -2.3523921449464757,
  "max_drawdown": -0.08361056856830673,
  "n_days": 15
}