{
  "annualised": 0.03603949743946,
  "sharpe": 0.28476007982408436,
  "max_drawdown": -0.10211645030198913,
  "n_days": 15
}