{
  "annualised": -0.5279827109593067,
  "sharpe": -1.764821581357257,
  "max_drawdown": -0.05627853326229049,
  "n_days": 5
}