{
  "annualised": -0.36245364987418816,
  "sharpe": -2.379796568992141,
  "max_drawdown": -0.022256156699623886,
  "n_days": 5
}