{
  "annualised": -0.7904964475811473,
  "sharpe": -6.240025428759944,
  "max_drawdown": -0.12079121696521944,
  "n_days": 15
}