{
  "annualised": 0.40689060440588154,
  "sharpe": 0.934756432059449,
  "max_drawdown": -0.077904643446988,
  "n_days": 15
}