{
  "annualised": 0.2086054848342298,
  "sharpe": 0.8359141728823388,
  "max_drawdown": -0.0541991396655882,
  "n_days": 15
}