{
  "annualised": -0.3821855254586811,
  "sharpe": -0.9253973094217097,
  "max_drawdown": -0.06784010155194176,
  "n_days": 15
}