{
  "annualised": -0.810486697693448,
  "sharpe": -4.992240924624456,
  "max_drawdown": -0.10784067230418393,
  "n_days": 15
}