{
  "annualised": -0.7457812517317521,
  "sharpe": -5.118588847890889,
  "max_drawdown": -0.09274590653985637,
  "n_days": 15
}