{
  "annualised": -0.6878995218841946,
  "sharpe": -5.934543053191921,
  "max_drawdown": -0.09067119216452013,
  "n_days": 15
}