{
  "annualised": -0.8885927715599939,
  "sharpe": -6.644715137520862,
  "max_drawdown": -0.13331525104857567,
  "n_days": 15
}