{
  "annualised": -0.973948901664637,
  "sharpe": -9.280431233096067,
  "max_drawdown": -0.09115381121744304,
  "n_days": 6
}