{
  "annualised": -0.8241047013058909,
  "sharpe": -7.372345833531189,
  "max_drawdown": -0.12336191400435204,
  "n_days": 15
}