{
  "annualised": -0.664507847319616,
  "sharpe": -2.244094984672638,
  "max_drawdown": -0.12244627802173291,
  "n_days": 15
}