{
  "annualised": -0.4043135276202199,
  "sharpe": -2.1642997345910318,
  "max_drawdown": -0.0673173474247003,
  "n_days": 15
}