{
  "annualised": -0.13785658063462847,
  "sharpe": -0.4296473538512205,
  "max_drawdown": -0.04023446491391225,
  "n_days": 15
}