{
  "annualised": -0.370528113126524,
  "sharpe": -0.9093763629967629,
  "max_drawdown": -0.06380882381158659,
  "n_days": 11
}