{
  "annualised": -0.6190654860400859,
  "sharpe": -1.9628562162569758,
  "max_drawdown": -0.10160766883347427,
  "n_days": 15
}