{
  "annualised": 1.6198705508173217,
  "sharpe": 3.0903969000013145,
  "max_drawdown": -0.040207020912134794,
  "n_days": 15
}