{
  "annualised": -0.828417784648389,
  "sharpe": -4.0448778495131075,
  "max_drawdown": -0.1449727998613759,
  "n_days": 15
}