{
  "annualised": 0.06120010781815721,
  "sharpe": 0.3364503018841919,
  "max_drawdown": -0.06577421839040609,
  "n_days": 15
}