{
  "annualised": 0.08652382214458143,
  "sharpe": 0.420463017807069,
  "max_drawdown": -0.04622380322791697,
  "n_days": 15
}