{
  "annualised": -0.8898425340421667,
  "sharpe": -6.579192151730209,
  "max_drawdown": -0.10154005671933686,
  "n_days": 11
}