{
  "annualised": 0.44891852860093895,
  "sharpe": 1.225875375832135,
  "max_drawdown": -0.062225701295279934,
  "n_days": 15
}