{
  "annualised": -0.9351331702822241,
  "sharpe": -11.66276049759523,
  "max_drawdown": -0.16119176288600157,
  "n_days": 15
}