{
  "annualised": -0.7651950729622825,
  "sharpe": -3.9062215191858725,
  "max_drawdown": -0.130382042970701,
  "n_days": 15
}