{
  "annualised": -0.7291543673645333,
  "sharpe": -3.235725923571563,
  "max_drawdown": -0.13004522565390142,
  "n_days": 15
}