{
  "annualised": -0.9010252785282497,
  "sharpe": -6.350630894542974,
  "max_drawdown": -0.16662495669801114,
  "n_days": 15
}