{
  "annualised": 13.211969289431199,
  "sharpe": 7.282364696910306,
  "max_drawdown": -0.024818742458373122,
  "n_days": 5
}