{
  "annualised": 5.1346359090516875,
  "sharpe": 4.251058676240942,
  "max_drawdown": -0.03542026291260825,
  "n_days": 5
}