{
  "annualised": -0.7833318804194553,
  "sharpe": -4.874510786208816,
  "max_drawdown": -0.10815012458913942,
  "n_days": 15
}