{
  "annualised": -0.6585866415496102,
  "sharpe": -3.409458611505698,
  "max_drawdown": -0.09201231442903335,
  "n_days": 15
}