{
  "annualised": 1.4885096549865588,
  "sharpe": 1.8482960898611918,
  "max_drawdown": -0.07820089718714884,
  "n_days": 15
}