{
  "annualised": -0.37627542763415234,
  "sharpe": -1.4969863672858705,
  "max_drawdown": -0.08358917641250263,
  "n_days": 15
}