{
  "annualised": -0.6806362585619575,
  "sharpe": -3.4201425796986804,
  "max_drawdown": -0.11401666346344286,
  "n_days": 15
}