{
  "annualised": -0.5581810983793152,
  "sharpe": -3.035889429128472,
  "max_drawdown": -0.09430944191890267,
  "n_days": 15
}