{
  "annualised": -0.2078332607805804,
  "sharpe": -0.12700197689678192,
  "max_drawdown": -0.12087772042246292,
  "n_days": 15
}