{
  "annualised": -0.17185622546081813,
  "sharpe": -0.2812978898214886,
  "max_drawdown": -0.07083573954687694,
  "n_days": 11
}