{
  "annualised": -0.9504331530425504,
  "sharpe": -7.954506184720185,
  "max_drawdown": -0.19364188341785182,
  "n_days": 15
}