{
  "annualised": -0.7058350276713797,
  "sharpe": -2.773510883575716,
  "max_drawdown": -0.10065060962791572,
  "n_days": 15
}