{
  "annualised": -0.6228421438766651,
  "sharpe": -3.116735202193852,
  "max_drawdown": -0.09708143274466408,
  "n_days": 15
}