{
  "annualised": -0.9547352893837114,
  "sharpe": -5.665927359002449,
  "max_drawdown": -0.19767701569869411,
  "n_days": 15
}