{
  "annualised": -0.9562797559819514,
  "sharpe": -6.1801170935032,
  "max_drawdown": -0.20678767848143298,
  "n_days": 15
}