{
  "annualised": 0.25126114577071434,
  "sharpe": 0.7637176632508483,
  "max_drawdown": -0.051448060247724414,
  "n_days": 15
}