{
  "annualised": -0.886436235522672,
  "sharpe": -4.789670746909668,
  "max_drawdown": -0.16843378759477412,
  "n_days": 15
}