{
  "annualised": 14.736434193487211,
  "sharpe": 8.335344149074462,
  "max_drawdown": -0.021230006963507964,
  "n_days": 5
}