{
  "annualised": -0.42865582843132544,
  "sharpe": -1.4410153133864185,
  "max_drawdown": -0.0883161403638234,
  "n_days": 15
}