tag,kind,objective,feature_set,direction,half_life_days,num_leaves,learning_rate,features,samples,ic,rank_ic,icir,diracc,n_days,top10_spread_bp,bt_annualised,bt_sharpe,bt_max_drawdown,bt_n_days
lgbm_wq_06_selected_huber_forward_hl30,lgbm,huber,selected,forward,30.0,31,0.05,80,78798,0.0409182221058607,0.028566597646084227,10.795033745076484,0.5209042820047503,16,204.0938268541685,0.12076543648193172,0.472627126102673,-0.05433529380132851,15
lgbm_wq_01_selected_regression_l1_inverse_hl30,lgbm,regression_l1,selected,inverse,30.0,31,0.05,80,78798,0.026222170504934104,0.015343778604686244,5.674123188486694,0.4631781957145429,16,28.71140093372508,-0.22881152995436826,-0.6557091466227865,-0.08293179202605883,15
lgbm_wq_05_selected_regression_l1_inverse_hl90,lgbm,regression_l1,selected,inverse,90.0,31,0.05,80,78798,0.04917778342675949,0.02310312874498248,8.439746340995846,0.487481895587787,16,56.74842029214083,-0.4293960834964562,-1.7659260085379824,-0.07599958714077637,15
lgbm_wq_02_selected_regression_l1_forward_hl60,lgbm,regression_l1,selected,forward,60.0,31,0.05,80,78798,-0.040883852808057064,-0.020679100411967598,-7.106142885736951,0.48214885531854423,16,-17.60996824965211,-0.5581810983793152,-3.035889429128472,-0.09430944191890267,15
lgbm_wq_03_selected_regression_l1_inverse_hl60,lgbm,regression_l1,selected,inverse,60.0,31,0.05,80,78798,0.040883852808057064,0.020679100411967598,7.106142885736951,0.46435032645788094,16,-3.7735153782014104,-0.6784200811615841,-3.551889857899818,-0.09126414347983236,15
lgbm_wq_04_selected_regression_l1_forward_hl90,lgbm,regression_l1,selected,forward,90.0,31,0.05,80,78798,-0.04917778342675949,-0.02310312874498248,-8.439746340995846,0.4975940307346814,16,-66.26232197054752,-0.6878995218841946,-5.934543053191921,-0.09067119216452013,15
lgbm_wq_00_selected_regression_l1_forward_hl30,lgbm,regression_l1,selected,forward,30.0,31,0.05,80,78798,-0.026222170504934104,-0.015343778604686244,-5.674123188486694,0.5151911064931893,16,-37.19264288136401,-0.815763338235759,-8.022099505459417,-0.10749044972145372,15
