{
  "annualised": 4.9393441144650625,
  "sharpe": 4.417553065407564,
  "max_drawdown": -0.0417674532361868,
  "n_days": 15
}