{
  "annualised": -0.7328705013456149,
  "sharpe": -3.0749656932806393,
  "max_drawdown": -0.13297004393866874,
  "n_days": 15
}