{
  "annualised": -0.34516560729902557,
  "sharpe": -0.9759319375628059,
  "max_drawdown": -0.09704699843299669,
  "n_days": 15
}