{
  "annualised": -0.11190078151876748,
  "sharpe": -0.4718856034999156,
  "max_drawdown": -0.04311904273730549,
  "n_days": 15
}