{
  "annualised": -0.6780218648168398,
  "sharpe": -2.92806180258548,
  "max_drawdown": -0.12123880828255551,
  "n_days": 15
}