{
  "annualised": 2.201706022760855,
  "sharpe": 3.564124641425604,
  "max_drawdown": -0.030660499973338307,
  "n_days": 15
}