{
  "annualised": -0.8650364411618313,
  "sharpe": -5.8433913109521125,
  "max_drawdown": -0.16357280529661866,
  "n_days": 15
}