{
  "annualised": -0.6507053451312548,
  "sharpe": -4.643581066019341,
  "max_drawdown": -0.03984444696023859,
  "n_days": 5
}