{
  "annualised": -0.815763338235759,
  "sharpe": -8.022099505459417,
  "max_drawdown": -0.10749044972145372,
  "n_days": 15
}