{
  "annualised": -0.5647927479633941,
  "sharpe": -2.0075860947504864,
  "max_drawdown": -0.09869964113276364,
  "n_days": 15
}