{
  "annualised": -0.7405103127512088,
  "sharpe": -4.3111787893551075,
  "max_drawdown": -0.1244603324325475,
  "n_days": 15
}