{
  "annualised": -0.3228121538489137,
  "sharpe": -0.9714633146783886,
  "max_drawdown": -0.045223157075063525,
  "n_days": 5
}