{
  "annualised": -0.4744813676952149,
  "sharpe": -2.0922480679908833,
  "max_drawdown": -0.07686187241752074,
  "n_days": 15
}