{
  "annualised": -0.8734374446040738,
  "sharpe": -2.939398838839201,
  "max_drawdown": -0.17418581075661332,
  "n_days": 15
}